{
  "frame_index": 16,
  "timestamp": 16,
  "pointcloud_file": "pointclouds/000016.bin",
  "camera_files": {
    "left": "cameras/000016/left.jpg"
  },
  "ego_pose": {
    "translation": [
      2.034979416589493,
      -5.415663764890079,
      -0.7374196689088711
    ],
    "rotation": [
      0.8723077960105687,
      0.005747664056420734,
      0.005479808291967025,
      -0.48889268825303894
    ]
  }
}