{
  "frame_index": 10,
  "timestamp": 10,
  "pointcloud_file": "pointclouds/000010.bin",
  "camera_files": {
    "left": "cameras/000010/left.jpg"
  },
  "ego_pose": {
    "translation": [
      1.1881305360485048,
      -3.710721928389229,
      -0.8165462289938191
    ],
    "rotation": [
      0.8544865743650526,
      0.0018849840399596657,
      0.0029069166721986074,
      -0.5194619407835768
    ]
  }
}