{
  "frame_index": 2,
  "timestamp": 2,
  "pointcloud_file": "pointclouds/000002.bin",
  "camera_files": {
    "left": "cameras/000002/left.jpg"
  },
  "ego_pose": {
    "translation": [
      0.2093289324761417,
      -1.4925863276397267,
      -0.9161111543297211
    ],
    "rotation": [
      0.8273006114203543,
      0.008183895182052751,
      0.004644946383993481,
      -0.561680662060826
    ]
  }
}