{
  "frame_index": 9,
  "timestamp": 9,
  "pointcloud_file": "pointclouds/000009.bin",
  "camera_files": {
    "left": "cameras/000009/left.jpg"
  },
  "ego_pose": {
    "translation": [
      1.043407716439461,
      -3.4358677255084777,
      -0.8253620202002516
    ],
    "rotation": [
      0.8512053042976755,
      0.0031278789092755786,
      0.006043691156045797,
      -0.5247887550377145
    ]
  }
}