{
  "frame_index": 7,
  "timestamp": 7,
  "pointcloud_file": "pointclouds/000007.bin",
  "camera_files": {
    "left": "cameras/000007/left.jpg"
  },
  "ego_pose": {
    "translation": [
      0.7987322494457577,
      -2.941927582669652,
      -0.8495011451574537
    ],
    "rotation": [
      0.8450746276490393,
      0.007023288905666956,
      0.006061221645210667,
      -0.5345678876903048
    ]
  }
}