{
  "frame_index": 6,
  "timestamp": 6,
  "pointcloud_file": "pointclouds/000006.bin",
  "camera_files": {
    "left": "cameras/000006/left.jpg"
  },
  "ego_pose": {
    "translation": [
      0.6598189645449752,
      -2.6652374467416244,
      -0.8510260364961554
    ],
    "rotation": [
      0.8414584892563132,
      0.008549460219955049,
      0.007251487261056068,
      -0.540205471726236
    ]
  }
}