{
  "frame_index": 13,
  "timestamp": 13,
  "pointcloud_file": "pointclouds/000013.bin",
  "camera_files": {
    "left": "cameras/000013/left.jpg"
  },
  "ego_pose": {
    "translation": [
      1.5883211409086901,
      -4.591130650439201,
      -0.7991313214375404
    ],
    "rotation": [
      0.8635427012501804,
      0.005902239747908404,
      0.0045727294160150265,
      -0.5042204608017103
    ]
  }
}