{
  "frame_index": 12,
  "timestamp": 12,
  "pointcloud_file": "pointclouds/000012.bin",
  "camera_files": {
    "left": "cameras/000012/left.jpg"
  },
  "ego_pose": {
    "translation": [
      1.4465572819372614,
      -4.273802756838461,
      -0.8180418289525347
    ],
    "rotation": [
      0.8604187050071397,
      0.0050113248519178125,
      0.003165245700034121,
      -0.5095532714417469
    ]
  }
}