{
  "frame_index": 19,
  "timestamp": 19,
  "pointcloud_file": "pointclouds/000019.bin",
  "camera_files": {
    "left": "cameras/000019/left.jpg"
  },
  "ego_pose": {
    "translation": [
      2.493268052908458,
      -6.225198510777019,
      -0.6731570825386946
    ],
    "rotation": [
      0.8803724351731727,
      0.0008987959631440137,
      -0.0027201107901101843,
      -0.47427437570623526
    ]
  }
}