{
  "frame_index": 15,
  "timestamp": 15,
  "pointcloud_file": "pointclouds/000015.bin",
  "camera_files": {
    "left": "cameras/000015/left.jpg"
  },
  "ego_pose": {
    "translation": [
      1.8661810689393463,
      -5.112855809233906,
      -0.7564293951450948
    ],
    "rotation": [
      0.8694239223580758,
      0.006020112942639388,
      0.0029117197505351636,
      -0.49402159784567773
    ]
  }
}