{
  "frame_index": 1,
  "timestamp": 1,
  "pointcloud_file": "pointclouds/000001.bin",
  "camera_files": {
    "left": "cameras/000001/left.jpg"
  },
  "ego_pose": {
    "translation": [
      0.09834256858782361,
      -1.1915987186077162,
      -0.9260521357272038
    ],
    "rotation": [
      0.8238254334651408,
      0.005113047788981226,
      0.00034208154906555506,
      -0.5668204430671255
    ]
  }
}