{
  "frame_index": 0,
  "timestamp": 0,
  "pointcloud_file": "pointclouds/000000.bin",
  "camera_files": {
    "left": "cameras/000000/left.jpg"
  },
  "ego_pose": {
    "translation": [
      -0.02832601913345886,
      -0.8728191839816185,
      -0.934378206514494
    ],
    "rotation": [
      0.8193216846021066,
      0.00370451947738491,
      -0.001354408114721203,
      -0.5733205381499731
    ]
  }
}