{
  "frame_index": 11,
  "timestamp": 11,
  "pointcloud_file": "pointclouds/000011.bin",
  "camera_files": {
    "left": "cameras/000011/left.jpg"
  },
  "ego_pose": {
    "translation": [
      1.3168787638535426,
      -3.987302998984404,
      -0.8183401934435822
    ],
    "rotation": [
      0.8575683918575424,
      0.0025655009151183627,
      0.001910795650355174,
      -0.5143600267427116
    ]
  }
}