{
  "frame_index": 4,
  "timestamp": 4,
  "pointcloud_file": "pointclouds/000004.bin",
  "camera_files": {
    "left": "cameras/000004/left.jpg"
  },
  "ego_pose": {
    "translation": [
      0.4224550665678103,
      -2.1379796469863566,
      -0.8734714347706699
    ],
    "rotation": [
      0.8346115690020757,
      0.009004504758405219,
      0.009196791398027386,
      -0.5506885558947482
    ]
  }
}