{
  "frame_index": 8,
  "timestamp": 8,
  "pointcloud_file": "pointclouds/000008.bin",
  "camera_files": {
    "left": "cameras/000008/left.jpg"
  },
  "ego_pose": {
    "translation": [
      0.9152698447286395,
      -3.1782014002461123,
      -0.8364483639311792
    ],
    "rotation": [
      0.8481761900373588,
      0.005237324582630265,
      0.0052932959725047884,
      -0.5296618918436992
    ]
  }
}