{
  "frame_index": 17,
  "timestamp": 17,
  "pointcloud_file": "pointclouds/000017.bin",
  "camera_files": {
    "left": "cameras/000017/left.jpg"
  },
  "ego_pose": {
    "translation": [
      2.182292077598552,
      -5.692057289251202,
      -0.714594329921264
    ],
    "rotation": [
      0.8749288268908941,
      0.003833457958817693,
      0.003989748904832095,
      -0.4842199394057373
    ]
  }
}