{
  "frame_index": 3,
  "timestamp": 3,
  "pointcloud_file": "pointclouds/000003.bin",
  "camera_files": {
    "left": "cameras/000003/left.jpg"
  },
  "ego_pose": {
    "translation": [
      0.31432083077612494,
      -1.8065015780130544,
      -0.8963827005418664
    ],
    "rotation": [
      0.8307492940586438,
      0.009064470366822775,
      0.00890701367443303,
      -0.5565016891662639
    ]
  }
}