{
  "frame_index": 18,
  "timestamp": 18,
  "pointcloud_file": "pointclouds/000018.bin",
  "camera_files": {
    "left": "cameras/000018/left.jpg"
  },
  "ego_pose": {
    "translation": [
      2.3344879020814373,
      -5.961949969791058,
      -0.6945387108841361
    ],
    "rotation": [
      0.8776024360932019,
      0.0016894348690365173,
      0.0005125755459243536,
      -0.4793859221574758
    ]
  }
}