{
  "frame_index": 5,
  "timestamp": 5,
  "pointcloud_file": "pointclouds/000005.bin",
  "camera_files": {
    "left": "cameras/000005/left.jpg"
  },
  "ego_pose": {
    "translation": [
      0.5413861499626798,
      -2.4126803618651915,
      -0.8563171031471224
    ],
    "rotation": [
      0.8380588971918889,
      0.00795888970274446,
      0.008535067179606906,
      -0.5454549587366053
    ]
  }
}